{"inputs":12,"hiddens":13,"outputs":4,"fitness":2065400.0,"inputWeights":{"matrix":[[-0.26316579499507525,-0.05274261706035956,0.3467101677221778,-0.9337864366277089,-0.8658707885946181,0.8913050941547396,0.43838580704434943,-0.6893423275362123,1.495538075393788,-0.04831930469550454,0.6416206042700159,2.6080152232497062],[1.623018999306986,-1.9106864085016542,-1.9253714640136201,-0.5185409431635388,0.7153866179410842,0.21346131800177362,-0.8848968854514425,0.31769663997840464,-0.02668975753918469,0.792356861064625,-1.0880201098264328,1.9842743784957966],[-0.761941713631053,0.4575136706332253,-1.192972496991879,0.813495367235879,0.6092298121734606,-1.1828714830143137,-0.6393046655700054,0.5186709501771134,-0.6252264719920484,-0.5338677377486581,-1.4350626656445185,-2.097852086684007],[-0.0015878503875195523,-0.2018384471381075,-0.577366373862135,-0.023076394428406543,0.2499205785811135,1.1629003026444096,-1.186083580853205,1.5920073442207454,0.09501379656251646,0.6331585306880654,2.051233930621944,-0.4695456436118398],[-0.8951374982624067,0.8839362855536355,-0.3192928503646569,-0.2689810021118069,0.02048173860187199,-1.7807706829661016,1.3911958313809878,0.7044484697122442,-1.1318692245567743,-2.01049651694701,1.1380470267583453,-0.5463320673561644],[-0.3999378578174698,0.8691497509519635,1.4464521996248976,0.04813132591238767,-0.24057439440234443,0.32431668068478325,-0.966293627846184,0.43275913687528883,-1.4944109871658875,0.5911990083176626,0.014455948924262971,-1.2255372519719845],[-0.3473704695470799,-2.2324531192371664,0.8274298140381047,0.8288962540468455,-1.377014408636112,-0.6132835387763357,-0.28948233579433397,1.717939259053945,0.04750458817776254,0.41287105152961445,0.4506400898745193,1.1196017067882051],[0.46978173666405926,0.3091052948194886,1.0112245232357475,-1.7392369005832775,0.7308380829172558,-1.1122809518567451,-0.6068600794079142,-0.35025352023517725,-2.077895182297953,0.4763043723005501,-1.4511488696630794,-1.1401800444483277],[0.7840993550038309,0.33565102628601523,-0.16363406087974014,-0.8019882712289921,0.24019196592548553,0.4599207345277598,-0.10235672762454127,-0.41193209172312056,-0.15210263850333203,-0.8598316420203366,-0.8296172631099065,1.74786069179461],[0.8230239152098824,-0.08908744646742199,0.9237506219974264,0.9669699666227651,1.4935128989312116,-1.6874841610770506,0.07621676430572569,0.2491818539270967,-0.20556187334222867,1.4352294557490968,-0.5554377138046583,-0.21923838067238097],[-1.3263073926570927,0.18805353431634725,0.503965858297089,1.4394965089457223,0.2077947564812899,-0.9426119609234567,0.08120868199192142,-1.711555934546739,-0.956784304163515,-1.6058314054299374,0.2448235214248924,-0.050609848482082234],[-0.05583829532742073,0.5090402282994498,-2.0347231700176125,-0.008082321994241942,0.24644068289168924,0.3337102860442579,1.1131830908870948,0.2580380983692122,-0.8722787013902255,1.038575964048894,0.6757221916765078,-1.6142442101478516],[1.603339837948657,1.4543823664729059,-0.6553826642950613,0.832399907606598,0.31681985475504126,0.3279616287983785,0.9444351396658802,-0.46889647968382075,0.8756533262188877,-1.887378207708695,0.8003312014801746,-0.9234990375285779]]},"hiddenWeights":{"matrix":[[-1.0615070699520994,-1.3290050709598857,-0.2585137496277359,0.010896136141975116,0.48732859364093345,-0.040012437325698154,-0.2777554022086357,-0.9382002731219146,0.019843078943505704,0.29645079822797615,1.0116059273875548,1.131244527375937,-1.2133688502669218],[0.818923592400712,-1.4381793257532989,-0.2506556602099063,1.047782828737533,-1.8289867650359017,0.2827420411520521,0.3789667409495697,0.8618468955578453,-0.2696544006586453,1.323088650532464,-0.16745026261964568,-0.8240721703130824,-2.293150897268075],[-1.5585558055986903,1.1800739882131712,0.09957660077074983,-0.6800901734379886,-2.0481047198516147,-1.7212338286487472,0.4884485397162559,0.0906992762983062,0.6026665620789292,0.8907015577340942,-0.7965327872971533,0.8448063889704911,-0.34283765294196555],[0.8564358243838938,-0.2774981467886155,-0.6653924928712918,-0.6868854424502183,-1.8245443859800845,-1.7563389517600816,0.16821502277115538,0.16738851936628255,2.700929182250491,-2.308443463700686,1.8128332734920984,1.100696576141996,-0.17590713383788026]]}}