{"inputs":12,"hiddens":13,"outputs":4,"fitness":540094.5,"inputWeights":{"matrix":[[-1.605497984056772,0.5395929873085828,-1.1556615900481624,0.22032404500812872,0.5498914918553836,-1.6964767477581397,-1.4356014123726024,-1.2926971231996693,-0.4091390083950307,0.34881927046333494,0.8835377322570833,-0.9946997754494011],[-0.08294742966796723,-0.23120566585383606,-1.2839095098567526,-1.1117133536593589,0.5427819740791446,-3.0076082571349216,-0.30581215452219884,0.4704700792133327,0.8939101828509796,-0.24381334676691574,-1.7210830803403023,0.19797667031725472],[1.0993351153483497,-0.04477343994224064,0.5816786874938102,1.3308106294781759,0.06301770403802485,1.05074465660485,0.7794419189391375,0.4673974967627323,-0.7639211113258977,-0.17771521905770093,0.44889918434355064,-1.3033571263117554],[1.0891946022312013,0.14079411634528202,0.4024294953949987,-0.8487925073295262,0.3243307644507378,0.05106022072434125,1.2947271111300354,-0.9592265603563649,1.3655617309855745,-1.1364163019863558,1.8527008265743201,-0.8240442638314786],[-0.9883298503509124,-0.7871113266554893,0.4305367138861612,0.8678041755956409,0.028486948837245944,-0.3310764326950983,-0.009697672370248463,0.5903961579596053,-0.6468849620863526,-1.5583200099960004,0.11889367190334868,-0.6696818004257287],[-0.20312800872748402,1.3743989005530264,-0.935905828185526,0.13626164194282914,-0.3439939118335732,0.8008560736014494,0.7740997370438051,0.07545754516211642,-0.4823372093273078,1.4683440736960747,-0.49712383445329056,-0.24073608239347066],[0.07666568657678939,-1.7491670305991407,-0.2708482741628515,-0.42124244945609807,-0.2971869147366291,-1.1130530399624676,-1.0385482565367432,1.333828385096628,0.49193044005818104,-1.1329937673863912,-0.9454925423656021,-1.9132135389326557],[0.7635966529643218,-1.4763809623316726,-0.7848646366813324,-0.641205424268384,-2.217746939226994,-0.15745720759955584,-0.1631838837342567,1.8903141082803074,-0.32700302748616056,0.0648435745107383,0.6015753607148101,1.1884955145448475],[-0.31211663755995833,-0.0014979151280099974,-0.575242624222114,0.2280497838466766,-0.4778221124165867,-1.7964550306344942,-0.19108246493994235,-1.93841145048032,-1.4360231737683928,0.688764364204355,-0.8371780740117785,-1.9409115261125172],[0.5310244230094576,-0.8022412574530584,-0.7711797512767098,-0.8576195039323699,0.7294608558694647,-1.440229844769312,0.252191401735943,2.493213181797885,-1.327803822449164,1.9716614176181906,-1.6111810735676653,0.15914262822129868],[-0.7305140829873783,-1.17988466155567,-0.7964122711871787,-1.430046697407275,-0.7842408957694031,1.5564000130294435,1.709018647388856,0.5459810056323288,-0.10127921561299212,0.5611304597874801,2.411242042599597,1.0049120854533817],[-0.11087324645601705,-0.13875900160762789,-1.2907627152763983,0.6720774133469841,1.543363254578197,1.0859636156351242,1.1822649162329335,0.835704329729958,1.4299039063157395,-0.04594856505017548,1.7011161374273678,-0.1262611517578929],[-1.0005316841526546,-0.46882133532453696,1.0958574923051936,-1.2819761391473043,-0.02593677567064431,-1.408612007507618,-1.1396695852456968,0.7575411980972419,0.7154081179126838,0.12560430512001333,0.7025895377138206,0.19575565444656345]]},"hiddenWeights":{"matrix":[[-1.4285857709252356,0.1897250241800128,-1.5530019598449012,1.5575030082529369,-0.11240238130643959,-0.2133809991274008,0.9999991374494132,-0.5925742667244798,-0.3624500594996348,-0.4905226590283641,-0.5183396488634433,0.33977030193295493,0.18064612714923542],[1.1432160097630462,-2.2454095877256046,0.5026197262633499,-1.4569441280748778,0.7053852900334647,-0.7449217190163254,-0.9102776123179073,-1.210538897280815,-0.44759015361839927,0.6210534079818449,0.9702529636280357,1.0883884739586307,-1.3550440042390397],[-1.315817148669569,-2.0389617585107556,0.016381439915501506,0.44480608073702205,0.32035998767169016,-0.2599852028048619,-0.012682593653733755,0.7199623126960302,-0.7986748377134163,-1.5142115598629087,-0.1964048678293906,0.7230297294753818,0.1810043120007569],[-3.065583888249511,1.9090314586801944,0.39172358673137153,-1.9171503959239322,-0.1505600020490135,-1.5174990714693948,1.5659285226621757,-0.4786956241813182,-0.6765600952384202,0.24098797952739587,0.2523866485159797,-0.1811095635848405,0.6570332749327304]]}}